{
    "Cirrus-CPU": {
        "nJobStart": 10749,
        "minLoad": "4949",
        "maxLoad": "12664",
        "medianLoad": "11698",
        "meanLoad": "10677",
        "usageIncluded": 53390.655277777776,
        "usageFraction": 0.8060183465848094,
        "residualWork": 8924.3975,
        "minWait": 0.0,
        "medianWait": 0.0,
        "maxWait": 4255.0,
        "meanWait": 103.41752721183366,
        "minTurnaroundTime": 1.0,
        "medianTurnaroundTime": 36.0,
        "maxTurnaroundTime": 12102.0,
        "meanTurnaroundTime": 437.3735231184296
    },
    "Cirrus-CPU-R": {
        "nJobStart": 10714,
        "minLoad": "3974",
        "maxLoad": "13248",
        "medianLoad": "11252",
        "meanLoad": "10583",
        "usageIncluded": 52921.07277777778,
        "usageFraction": 0.7989292387949544,
        "residualWork": 8425.586944444445,
        "minWait": -1.92813e-10,
        "medianWait": 48.0,
        "maxWait": 1336.0,
        "meanWait": 160.29503453424945,
        "minTurnaroundTime": 1.0,
        "medianTurnaroundTime": 213.0,
        "maxTurnaroundTime": 12619.0,
        "meanTurnaroundTime": 495.71961918984505
    },
    "Cirrus-CPU-M": {
        "nJobStart": 10742,
        "minLoad": "2664",
        "maxLoad": "13248",
        "medianLoad": "11892",
        "meanLoad": "10605",
        "usageIncluded": 53028.59111111111,
        "usageFraction": 0.8005524020397209,
        "residualWork": 7738.5725,
        "minWait": -8.36735e-11,
        "medianWait": 68.0604,
        "maxWait": 988.0,
        "meanWait": 127.71315737084326,
        "minTurnaroundTime": 0.5,
        "medianTurnaroundTime": 146.89499999999998,
        "maxTurnaroundTime": 12615.5,
        "meanTurnaroundTime": 336.99448259932973
    },
    "Cirrus-CPU-R_ARCHER2-R": {
        "nJobStart": 9703,
        "minLoad": "12123",
        "maxLoad": "13248",
        "medianLoad": "13212",
        "meanLoad": "13170",
        "usageIncluded": 65857.23944444445,
        "usageFraction": 0.9942216099704777,
        "residualWork": 52845.41805555556,
        "minWait": 735.0,
        "medianWait": 4093.0,
        "maxWait": 5418.0,
        "meanWait": 3925.300834793363,
        "minTurnaroundTime": 1167.0,
        "medianTurnaroundTime": 4219.0,
        "maxTurnaroundTime": 31142.0,
        "meanTurnaroundTime": 4285.789652684737
    },
    "Cirrus-CPU-M_ARCHER2-R": {
        "nJobStart": 9827,
        "minLoad": "12763",
        "maxLoad": "13248",
        "medianLoad": "13248",
        "meanLoad": "13231",
        "usageIncluded": 66163.39083333334,
        "usageFraction": 0.9988434606481481,
        "residualWork": 52553.80583333333,
        "minWait": 723.0,
        "medianWait": 3786.43,
        "maxWait": 5392.02,
        "meanWait": 3708.8495227434623,
        "minTurnaroundTime": 939.0,
        "medianTurnaroundTime": 4019.44,
        "maxTurnaroundTime": 30540.0,
        "meanTurnaroundTime": 4003.5984796987887
    },
    "Cirrus-CPU-R_ARCHER2-M": {
        "nJobStart": 9848,
        "minLoad": "12211",
        "maxLoad": "13248",
        "medianLoad": "13216",
        "meanLoad": "13168",
        "usageIncluded": 65845.82,
        "usageFraction": 0.9940492149758454,
        "residualWork": 51014.92,
        "minWait": 758.0,
        "medianWait": 3685.0,
        "maxWait": 4799.0,
        "meanWait": 3499.8782363931764,
        "minTurnaroundTime": 955.5,
        "medianTurnaroundTime": 3766.5,
        "maxTurnaroundTime": 31768.0,
        "meanTurnaroundTime": 3878.8384260763605
    }
}
